Indicator,
23.95.244.148,Adobe Coldfusion attackers
34.150.40.163,Adobe Coldfusion attackers
45.12.136.91,Adobe Coldfusion attackers
193.160.237.22,Adobe Coldfusion attackers
104.233.15.148,Adobe Coldfusion attackers
46.203.127.195,Adobe Coldfusion attackers
192.241.112.73,Adobe Coldfusion attackers
103.37.183.156,Adobe Coldfusion attackers
23.26.68.190,Adobe Coldfusion attackers
104.238.36.150,Adobe Coldfusion attackers
148.135.148.33,Adobe Coldfusion attackers
185.226.206.210,Adobe Coldfusion attackers
86.107.58.131,Adobe Coldfusion attackers
38.242.132.29,Adobe Coldfusion attackers
3.0.227.168,Adobe Coldfusion attackers
47.128.167.47,Adobe Coldfusion attackers
18.138.1.114,Adobe Coldfusion attackers
47.128.192.115,Adobe Coldfusion attackers
34.155.184.19,Adobe Coldfusion attackers
34.155.112.225,Adobe Coldfusion attackers
34.163.12.60,Adobe Coldfusion attackers
34.155.165.49,Adobe Coldfusion attackers
52.220.229.79,Adobe Coldfusion attackers
187.87.131.9,Adobe Coldfusion attackers
54.151.252.177,Adobe Coldfusion attackers
47.128.87.232,Adobe Coldfusion attackers
185.118.79.98,Adobe Coldfusion attackers
103.77.207.24,Adobe Coldfusion attackers
223.178.213.96,Adobe Coldfusion attackers
207.148.22.121,Adobe Coldfusion attackers
45.74.0.87,Adobe Coldfusion attackers
18.138.68.225,Adobe Coldfusion attackers
103.195.202.5,Adobe Coldfusion attackers
52.58.29.62,Adobe Coldfusion attackers
35.178.71.145,Adobe Coldfusion attackers
8.218.168.197,Adobe Coldfusion attackers
120.136.36.58,Adobe Coldfusion attackers
85.239.245.217,Adobe Coldfusion attackers
104.37.215.37,Adobe Coldfusion attackers
