Indicator,Description
103.28.34.179,CC=VN ASN=AS135918 viet digital technology liability company
107.174.224.18,CC=US ASN=AS36352 colocrossing
148.113.214.202,CC=CA ASN=AS16276 ovh sas
157.245.69.67,CC=US ASN=AS14061 digitalocean  llc
185.224.128.17,CC=NL ASN=AS62068 spectraip b.v.
193.37.69.105,CC=RU ASN=AS212461 nemtcov nikolai alexandrovich
213.209.143.55,CC=TR ASN=AS208485 nese mala trading as moon dc
0c263130bb7e7385dd6b98d3efcb7142,MD5 of fe5dbc3a222f6a54926a449a479466e04d85305d92feed9aed147312d5370415
20fb49348b787c868d8d451f26cf0b23,MD5 of 711ed7771d9eada6b82cb006915fd24fdd93e97270f4a43c677530301135a2e2
556f03dacbca79a48a68d9ac2c1264d0,MD5 of 0df55cf208409ad731139351cea1ca22a003fbad4092d9ba514529206f2642b2
8844985fcd57b0311d1d4cb2ec13a1ef,MD5 of 0d3c687ffc30e185b836b99bd07fa2b0d460a090626f6bbbd40a95b98ea70257
88911776f3bf72c59f99aa8343ac899e,MD5 of a00385d1e4618586712709fc8d3ea8002b8e01dc3cdf9de1145d2d7faacd7eb7
8a9b94910275355998db5994fd3e579a,MD5 of a1b6223a3ecb37b9f7e4a52909a08d9fd8f8f80aee46466127ea0f078c7f5437
9a10ba1d64a02ee308cd6479959d2db2,MD5 of d7188b8c575367e10ea8b36ec7cca067ef6ce6d26ffa8c74b3faa0b14ebb8ff0
a0eb5de69279cef88ab9e2ac37312583,MD5 of d4e8c642ac8485d2ac316f16b5ed2285c93734c62a3e1bc2852a49f3737053c5
b2976ce2e2c5c5b27d8b3debbf9a8b13,MD5 of 63946c28efa919809c03be75a3937c4be80589a9df79cd1be72037d493b70857
ec1cc2b5b0c94a33530369d4a5823ff3,MD5 of 7a48c93c5cb63a09505a009260d1cca8203285e0c1c6ff5b0df9cbb470820865
ed3b9af63cd0dbf95ccfc86c273c5073,MD5 of 153601325087b21f8a5b205f46825e92122de9c8f4c2e5e72ed6f6f6bb41b2fd
1e6431ad01e4df91380a61847273a8ccefead150,SHA1 of a00385d1e4618586712709fc8d3ea8002b8e01dc3cdf9de1145d2d7faacd7eb7
6cf69206a7f60e9f32ec1237cd91965c905c0557,SHA1 of d7188b8c575367e10ea8b36ec7cca067ef6ce6d26ffa8c74b3faa0b14ebb8ff0
8363b964b5293404c985febbd48c0e55f203f5ae,SHA1 of a1b6223a3ecb37b9f7e4a52909a08d9fd8f8f80aee46466127ea0f078c7f5437
8716e9ec024b03844c10b80fb2a2fcbc96b5d0c6,SHA1 of 153601325087b21f8a5b205f46825e92122de9c8f4c2e5e72ed6f6f6bb41b2fd
a0c07fe897515e5575a72f94f9dea8c077a410ff,SHA1 of 0d3c687ffc30e185b836b99bd07fa2b0d460a090626f6bbbd40a95b98ea70257
a704a7015f5df300adb7859bbb2a9e07decc2537,SHA1 of d4e8c642ac8485d2ac316f16b5ed2285c93734c62a3e1bc2852a49f3737053c5
b9a380eac46b4ae33d879bccd1041cd86ade5aa4,SHA1 of 0df55cf208409ad731139351cea1ca22a003fbad4092d9ba514529206f2642b2
bfe9021d84030aa584a5bac1f61d44f6e7397d5a,SHA1 of 63946c28efa919809c03be75a3937c4be80589a9df79cd1be72037d493b70857
dbbd01dfd89af98a2acc776bc3532b6dd45335b9,SHA1 of 7a48c93c5cb63a09505a009260d1cca8203285e0c1c6ff5b0df9cbb470820865
efaede1ad5c04ddca1abc1f403b9ee5c89b86d53,SHA1 of fe5dbc3a222f6a54926a449a479466e04d85305d92feed9aed147312d5370415
f7c3597a017592c8697fb38db38c158a246a803b,SHA1 of 711ed7771d9eada6b82cb006915fd24fdd93e97270f4a43c677530301135a2e2
0d3c687ffc30e185b836b99bd07fa2b0d460a090626f6bbbd40a95b98ea70257,
0df55cf208409ad731139351cea1ca22a003fbad4092d9ba514529206f2642b2,
13429b518eb7c7db53f9bee8d6d5fac506c33e9b365aaecc8b927a16c86292ac,
153601325087b21f8a5b205f46825e92122de9c8f4c2e5e72ed6f6f6bb41b2fd,
4235759513f43a5431ef9b87067d5ebfda9476ce3b2ac55e16306713b7c6ffd9,
608ee011537005f368c9731f4c4dee6a247b620cde52908ed0678df28c617971,
63946c28efa919809c03be75a3937c4be80589a9df79cd1be72037d493b70857,
6ad3c27482709fcd52f9b9f25b37ce4fbcba59422f3bb4fd2d0f7624b113b7c3,
711ed7771d9eada6b82cb006915fd24fdd93e97270f4a43c677530301135a2e2,
71ecfb7bbc015b2b192c05f726468b6f08fcc804c093c718b950e688cc414af5,
76ae6d577ba96b1c3a1de8b21c32a9faf6040f7e78d98269e0469d896c29dc64,
7a48c93c5cb63a09505a009260d1cca8203285e0c1c6ff5b0df9cbb470820865,
a00385d1e4618586712709fc8d3ea8002b8e01dc3cdf9de1145d2d7faacd7eb7,
a1b6223a3ecb37b9f7e4a52909a08d9fd8f8f80aee46466127ea0f078c7f5437,
c7cafae9fabff256452e3b09143249a99a48b5bd7c7918a81fc07f60889e3c34,
cf4edee007b6288a72abd03772e8fa43db32b9528f31f5cc8c43be02c7590da5,
d4e8c642ac8485d2ac316f16b5ed2285c93734c62a3e1bc2852a49f3737053c5,
d7188b8c575367e10ea8b36ec7cca067ef6ce6d26ffa8c74b3faa0b14ebb8ff0,
ef559ea97f57805af2b34df8bcb53b37100ef91fe9b4e641234cf5d8f711f583,
fe5dbc3a222f6a54926a449a479466e04d85305d92feed9aed147312d5370415,
103.129.126.27,CC=TW ASN=ASNone
103.175.180.77,CC=IN ASN=AS141265 nextgen broadband private limited
103.211.200.241,CC=US ASN=ASNone
103.229.52.149,CC=BR ASN=ASNone
103.69.97.178,CC=IN ASN=ASNone
106.105.221.77,CC=TW ASN=AS4780 digital united inc.
115.190.29.238,CC=CN ASN=ASNone
119.140.107.134,CC=CN ASN=AS4134 chinanet
121.66.34.57,CC=KR ASN=AS3786 lg dacom corporation
125.41.226.29,CC=CN ASN=AS4837 china unicom china169 backbone
134.122.30.157,CC=US ASN=AS14061 digitalocean  llc
135.0.235.220,CC=CA ASN=AS54614 cik telecom inc
137.74.181.249,CC=IT ASN=AS16276 ovh sas
137.74.181.250,CC=IT ASN=AS16276 ovh sas
138.199.15.150,CC=FR ASN=AS60068 datacamp limited
14.47.213.202,CC=KR ASN=AS4766 korea telecom
141.98.11.175,CC=LT ASN=AS209605 uab host baltic
143.202.7.195,CC=BR ASN=AS267292 live.connection me ltda
146.70.225.117,CC=RO ASN=ASNone
147.185.132.37,CC=US ASN=ASNone
147.185.132.70,CC=US ASN=ASNone
147.185.132.82,CC=US ASN=ASNone
160.250.137.160,CC=JP ASN=ASNone
160.250.180.208,CC=JP ASN=ASNone
160.250.180.21,CC=JP ASN=ASNone
163.61.110.122,CC=JP ASN=ASNone
163.61.110.131,CC=JP ASN=ASNone
171.10.190.32,CC=CN ASN=AS4134 chinanet
172.104.11.34,CC=US ASN=AS63949 linode  llc
172.104.11.51,CC=US ASN=AS63949 linode  llc
172.235.40.131,CC=US ASN=AS20940 akamai international b.v.
175.107.39.175,CC=PK ASN=AS23888 national telecommunication corporation hq
182.84.132.30,CC=CN ASN=AS4134 chinanet
185.226.197.69,CC=TR ASN=ASNone
185.247.137.120,CC=TR ASN=AS60721 bursabil teknoloji a.s.
192.142.0.105,CC=FI ASN=AS51765 oy crea nova hosting solution ltd
196.251.115.34,CC=ZA ASN=AS37153 african network information center
196.251.80.15,CC=NG ASN=ASNone
196.251.85.166,CC=NG ASN=ASNone
196.251.85.238,CC=NG ASN=ASNone
196.251.85.250,CC=NG ASN=ASNone
205.210.31.185,CC=US ASN=AS396982 google
205.210.31.213,CC=US ASN=AS396982 google
205.210.31.37,CC=US ASN=AS396982 google
211.195.251.227,CC=KR ASN=AS4766 korea telecom
211.55.218.252,CC=KR ASN=AS4766 korea telecom
213.209.143.48,CC=TR ASN=AS208485 nese mala trading as moon dc
220.76.164.83,CC=KR ASN=AS4766 korea telecom
36.113.67.210,CC=CN ASN=AS137689 iot jiangsu network  chinatelecom  p.r.china.
39.144.229.137,CC=CN ASN=AS9808 china mobile communications group co.  ltd.
43.251.206.72,CC=TH ASN=AS38794 uih
45.95.147.229,CC=NL ASN=AS49870 alsycon b.v.
51.81.144.32,CC=US ASN=AS16276 ovh sas
51.81.144.39,CC=US ASN=AS16276 ovh sas
61.132.217.130,CC=CN ASN=AS4134 chinanet
62.45.33.185,CC=NL ASN=AS15435 delta fiber nederland b.v.
64.62.197.200,CC=US ASN=AS6939 hurricane electric llc
64.62.197.218,CC=US ASN=AS6939 hurricane electric llc
64.62.197.226,CC=US ASN=AS6939 hurricane electric llc
64.62.197.229,CC=US ASN=AS6939 hurricane electric llc
64.62.197.47,CC=US ASN=AS6939 hurricane electric llc
65.49.1.152,CC=US ASN=AS36791 portland internet hosting llc
65.49.1.49,CC=US ASN=AS36791 portland internet hosting llc
65.49.1.66,CC=US ASN=AS36791 portland internet hosting llc
65.49.20.68,CC=US ASN=AS6939 hurricane electric llc
65.49.20.69,CC=US ASN=AS6939 hurricane electric llc
68.81.242.93,CC=US ASN=AS7922 comcast
74.82.47.4,CC=US ASN=AS6939 hurricane electric llc
87.236.176.137,CC=BE ASN=AS29529 itecom bvba
87.236.176.24,CC=BE ASN=AS29529 itecom bvba
87.236.176.28,CC=BE ASN=AS29529 itecom bvba
95.111.243.254,CC=DE ASN=AS51167 contabo gmbh
http://139.59.42.255,
